label	frequency
Badger	0.232394
Boar	0.154930
Fox	0.218310
Owl	0.183099
Wolf	0.211268